order_id,order_date,customer_id,event_id,order_channel
1,2024-12-26,14,1,online
2,2024-07-28,741,1,online
3,2024-05-31,103,1,online
4,2024-03-23,337,1,online
5,2024-01-21,275,1,online
6,2024-10-07,116,1,online
7,2024-09-11,107,1,online
8,2024-04-16,186,1,online
9,2024-12-18,116,1,online
10,2024-09-03,444,1,online
11,2024-06-18,914,1,online
12,2024-04-30,52,1,online
13,2024-01-02,821,1,online
14,2024-01-06,414,2,in_person
15,2024-01-06,846,2,in_person
16,2024-01-06,912,2,in_person
17,2024-01-06,837,2,in_person
18,2024-01-06,734,2,in_person
19,2024-01-06,364,2,in_person
20,2024-01-06,110,2,in_person
21,2024-01-06,953,2,in_person
22,2024-01-06,987,2,in_person
23,2024-01-06,947,2,in_person
24,2024-01-06,107,2,in_person
25,2024-01-06,517,2,in_person
26,2024-01-06,908,2,in_person
27,2024-01-06,206,2,in_person
28,2024-01-06,944,2,in_person
29,2024-01-06,576,2,in_person
30,2024-01-06,828,2,in_person
31,2024-01-06,149,2,in_person
32,2024-01-06,769,2,in_person
33,2024-01-06,209,2,in_person
34,2024-01-06,761,2,in_person
35,2024-01-06,949,2,in_person
36,2024-01-06,321,2,in_person
37,2024-01-06,302,2,in_person
38,2024-01-06,192,2,in_person
39,2024-01-06,960,2,in_person
40,2024-01-06,612,2,in_person
41,2024-01-06,503,2,in_person
42,2024-01-20,70,3,in_person
43,2024-01-20,680,3,in_person
44,2024-01-20,974,3,in_person
45,2024-01-20,629,3,in_person
46,2024-01-20,527,3,in_person
47,2024-01-20,216,3,in_person
48,2024-01-20,663,3,in_person
49,2024-01-20,933,3,in_person
50,2024-01-20,415,3,in_person
51,2024-01-20,122,3,in_person
52,2024-01-20,367,3,in_person
53,2024-01-20,765,3,in_person
54,2024-01-20,984,3,in_person
55,2024-01-20,127,3,in_person
56,2024-01-20,551,3,in_person
57,2024-01-20,872,3,in_person
58,2024-01-20,688,3,in_person
59,2024-01-20,257,3,in_person
60,2024-01-20,975,3,in_person
61,2024-01-20,241,3,in_person
62,2024-01-20,326,3,in_person
63,2024-01-20,374,3,in_person
64,2024-01-20,474,3,in_person
65,2024-01-20,565,3,in_person
66,2024-01-20,862,3,in_person
67,2024-01-20,270,3,in_person
68,2024-01-20,788,3,in_person
69,2024-01-20,375,3,in_person
70,2024-01-20,138,3,in_person
71,2024-01-20,776,3,in_person
72,2024-01-20,962,3,in_person
73,2024-01-20,238,3,in_person
74,2024-01-20,685,3,in_person
75,2024-01-20,398,3,in_person
76,2024-01-20,992,3,in_person
77,2024-01-20,375,3,in_person
78,2024-01-20,529,3,in_person
79,2024-01-20,499,3,in_person
80,2024-01-20,79,3,in_person
81,2024-01-20,677,3,in_person
82,2024-01-20,494,3,in_person
83,2024-02-03,588,4,in_person
84,2024-02-03,265,4,in_person
85,2024-02-03,225,4,in_person
86,2024-02-03,136,4,in_person
87,2024-02-03,701,4,in_person
88,2024-02-03,182,4,in_person
89,2024-02-03,134,4,in_person
90,2024-02-03,359,4,in_person
91,2024-02-03,932,4,in_person
92,2024-02-03,419,4,in_person
93,2024-02-03,600,4,in_person
94,2024-02-03,579,4,in_person
95,2024-02-03,407,4,in_person
96,2024-02-03,260,4,in_person
97,2024-02-03,821,4,in_person
98,2024-02-03,844,4,in_person
99,2024-02-03,91,4,in_person
100,2024-02-03,624,4,in_person
101,2024-02-03,629,4,in_person
102,2024-02-03,11,4,in_person
103,2024-02-03,200,4,in_person
104,2024-02-03,630,4,in_person
105,2024-02-03,671,4,in_person
106,2024-02-03,799,4,in_person
107,2024-02-03,601,4,in_person
108,2024-02-03,71,4,in_person
109,2024-02-03,110,4,in_person
110,2024-02-03,711,4,in_person
111,2024-02-03,789,4,in_person
112,2024-02-17,919,5,in_person
113,2024-02-17,694,5,in_person
114,2024-02-17,255,5,in_person
115,2024-02-17,841,5,in_person
116,2024-02-17,488,5,in_person
117,2024-02-17,276,5,in_person
118,2024-02-17,511,5,in_person
119,2024-02-17,857,5,in_person
120,2024-02-17,629,5,in_person
121,2024-02-17,869,5,in_person
122,2024-02-17,408,5,in_person
123,2024-02-17,539,5,in_person
124,2024-02-17,469,5,in_person
125,2024-02-17,562,5,in_person
126,2024-02-17,352,5,in_person
127,2024-02-17,430,5,in_person
128,2024-02-17,834,5,in_person
129,2024-02-17,569,5,in_person
130,2024-02-17,820,5,in_person
131,2024-02-17,49,5,in_person
132,2024-02-17,221,5,in_person
133,2024-02-17,987,5,in_person
134,2024-02-17,523,5,in_person
135,2024-02-17,890,5,in_person
136,2024-02-17,432,5,in_person
137,2024-02-17,669,5,in_person
138,2024-02-17,405,5,in_person
139,2024-02-17,766,5,in_person
140,2024-02-17,678,5,in_person
141,2024-02-17,216,5,in_person
142,2024-02-17,960,5,in_person
143,2024-02-17,756,5,in_person
144,2024-02-17,540,5,in_person
145,2024-02-17,606,5,in_person
146,2024-02-17,553,5,in_person
147,2024-02-17,375,5,in_person
148,2024-02-17,1,5,in_person
149,2024-02-17,970,5,in_person
150,2024-02-17,194,5,in_person
151,2024-03-02,168,6,in_person
152,2024-03-02,530,6,in_person
153,2024-03-02,423,6,in_person
154,2024-03-02,297,6,in_person
155,2024-03-02,279,6,in_person
156,2024-03-02,191,6,in_person
157,2024-03-02,381,6,in_person
158,2024-03-02,74,6,in_person
159,2024-03-02,255,6,in_person
160,2024-03-02,756,6,in_person
161,2024-03-02,260,6,in_person
162,2024-03-02,649,6,in_person
163,2024-03-02,599,6,in_person
164,2024-03-02,993,6,in_person
165,2024-03-02,705,6,in_person
166,2024-03-02,347,6,in_person
167,2024-03-02,825,6,in_person
168,2024-03-02,195,6,in_person
169,2024-03-02,71,6,in_person
170,2024-03-02,519,6,in_person
171,2024-03-02,635,6,in_person
172,2024-03-02,420,6,in_person
173,2024-03-02,183,6,in_person
174,2024-03-02,14,6,in_person
175,2024-03-02,844,6,in_person
176,2024-03-02,104,6,in_person
177,2024-03-02,971,6,in_person
178,2024-03-02,765,6,in_person
179,2024-03-02,691,6,in_person
180,2024-03-02,674,6,in_person
181,2024-03-02,956,6,in_person
182,2024-03-02,866,6,in_person
183,2024-03-16,624,7,in_person
184,2024-03-16,785,7,in_person
185,2024-03-16,744,7,in_person
186,2024-03-16,531,7,in_person
187,2024-03-16,308,7,in_person
188,2024-03-16,256,7,in_person
189,2024-03-16,585,7,in_person
190,2024-03-16,741,7,in_person
191,2024-03-16,846,7,in_person
192,2024-03-16,427,7,in_person
193,2024-03-16,515,7,in_person
194,2024-03-16,228,7,in_person
195,2024-03-16,136,7,in_person
196,2024-03-16,562,7,in_person
197,2024-03-16,445,7,in_person
198,2024-03-16,575,7,in_person
199,2024-03-16,702,7,in_person
200,2024-03-16,632,7,in_person
201,2024-03-16,972,7,in_person
202,2024-03-16,461,7,in_person
203,2024-03-16,562,7,in_person
204,2024-03-16,540,7,in_person
205,2024-03-16,206,7,in_person
206,2024-03-16,278,7,in_person
207,2024-03-16,396,7,in_person
208,2024-03-16,102,7,in_person
209,2024-03-16,19,7,in_person
210,2024-03-16,310,7,in_person
211,2024-03-16,832,7,in_person
212,2024-03-16,912,7,in_person
213,2024-03-16,157,7,in_person
214,2024-03-16,338,7,in_person
215,2024-03-16,142,7,in_person
216,2024-03-16,441,7,in_person
217,2024-03-16,902,7,in_person
218,2024-03-30,274,8,in_person
219,2024-03-30,799,8,in_person
220,2024-03-30,504,8,in_person
221,2024-03-30,228,8,in_person
222,2024-03-30,705,8,in_person
223,2024-03-30,438,8,in_person
224,2024-03-30,845,8,in_person
225,2024-03-30,962,8,in_person
226,2024-03-30,899,8,in_person
227,2024-03-30,473,8,in_person
228,2024-03-30,707,8,in_person
229,2024-03-30,961,8,in_person
230,2024-03-30,665,8,in_person
231,2024-03-30,388,8,in_person
232,2024-03-30,184,8,in_person
233,2024-03-30,121,8,in_person
234,2024-03-30,676,8,in_person
235,2024-03-30,285,8,in_person
236,2024-03-30,38,8,in_person
237,2024-03-30,859,8,in_person
238,2024-03-30,689,8,in_person
239,2024-03-30,990,8,in_person
240,2024-03-30,840,8,in_person
241,2024-03-30,67,8,in_person
242,2024-03-30,881,8,in_person
243,2024-03-30,713,8,in_person
244,2024-03-30,748,8,in_person
245,2024-03-30,533,8,in_person
246,2024-03-30,2,8,in_person
247,2024-03-30,756,8,in_person
248,2024-03-30,316,8,in_person
249,2024-03-30,117,8,in_person
250,2024-03-30,339,8,in_person
251,2024-03-30,951,8,in_person
252,2024-03-30,214,8,in_person
253,2024-03-30,348,8,in_person
254,2024-03-30,424,8,in_person
255,2024-03-30,463,8,in_person
256,2024-03-30,195,8,in_person
257,2024-03-30,795,8,in_person
258,2024-03-30,842,8,in_person
259,2024-03-30,106,8,in_person
260,2024-03-30,329,8,in_person
261,2024-03-30,327,8,in_person
262,2024-04-13,527,9,in_person
263,2024-04-13,278,9,in_person
264,2024-04-13,588,9,in_person
265,2024-04-13,914,9,in_person
266,2024-04-13,30,9,in_person
267,2024-04-13,722,9,in_person
268,2024-04-13,731,9,in_person
269,2024-04-13,833,9,in_person
270,2024-04-13,940,9,in_person
271,2024-04-13,360,9,in_person
272,2024-04-13,838,9,in_person
273,2024-04-13,605,9,in_person
274,2024-04-13,998,9,in_person
275,2024-04-13,581,9,in_person
276,2024-04-13,588,9,in_person
277,2024-04-13,336,9,in_person
278,2024-04-13,776,9,in_person
279,2024-04-13,299,9,in_person
280,2024-04-13,211,9,in_person
281,2024-04-13,736,9,in_person
282,2024-04-13,113,9,in_person
283,2024-04-13,487,9,in_person
284,2024-04-13,861,9,in_person
285,2024-04-13,129,9,in_person
286,2024-04-13,148,9,in_person
287,2024-04-13,826,9,in_person
288,2024-04-13,639,9,in_person
289,2024-04-13,394,9,in_person
290,2024-04-13,8,9,in_person
291,2024-04-13,591,9,in_person
292,2024-04-13,722,9,in_person
293,2024-04-13,146,9,in_person
294,2024-04-13,252,9,in_person
295,2024-04-13,548,9,in_person
296,2024-04-13,297,9,in_person
297,2024-04-13,745,9,in_person
298,2024-04-13,829,9,in_person
299,2024-04-13,259,9,in_person
300,2024-04-13,15,9,in_person
301,2024-04-13,802,9,in_person
302,2024-04-13,858,9,in_person
303,2024-04-13,216,9,in_person
304,2024-04-27,488,10,in_person
305,2024-04-27,389,10,in_person
306,2024-04-27,392,10,in_person
307,2024-04-27,626,10,in_person
308,2024-04-27,321,10,in_person
309,2024-04-27,360,10,in_person
310,2024-04-27,35,10,in_person
311,2024-04-27,673,10,in_person
312,2024-04-27,260,10,in_person
313,2024-04-27,655,10,in_person
314,2024-04-27,284,10,in_person
315,2024-04-27,183,10,in_person
316,2024-04-27,625,10,in_person
317,2024-04-27,148,10,in_person
318,2024-04-27,36,10,in_person
319,2024-04-27,796,10,in_person
320,2024-04-27,669,10,in_person
321,2024-04-27,589,10,in_person
322,2024-04-27,490,10,in_person
323,2024-04-27,554,10,in_person
324,2024-04-27,838,10,in_person
325,2024-04-27,411,10,in_person
326,2024-04-27,375,10,in_person
327,2024-04-27,568,10,in_person
328,2024-04-27,307,10,in_person
329,2024-04-27,37,10,in_person
330,2024-04-27,501,10,in_person
331,2024-04-27,512,10,in_person
332,2024-04-27,346,10,in_person
333,2024-04-27,963,10,in_person
334,2024-04-27,754,10,in_person
335,2024-04-27,929,10,in_person
336,2024-04-27,838,10,in_person
337,2024-04-27,590,10,in_person
338,2024-04-27,281,10,in_person
339,2024-04-27,379,10,in_person
340,2024-04-27,797,10,in_person
341,2024-05-11,8,11,in_person
342,2024-05-11,608,11,in_person
343,2024-05-11,611,11,in_person
344,2024-05-11,643,11,in_person
345,2024-05-11,284,11,in_person
346,2024-05-11,702,11,in_person
347,2024-05-11,45,11,in_person
348,2024-05-11,181,11,in_person
349,2024-05-11,119,11,in_person
350,2024-05-11,607,11,in_person
351,2024-05-11,334,11,in_person
352,2024-05-11,891,11,in_person
353,2024-05-11,483,11,in_person
354,2024-05-11,383,11,in_person
355,2024-05-11,999,11,in_person
356,2024-05-11,709,11,in_person
357,2024-05-11,226,11,in_person
358,2024-05-11,439,11,in_person
359,2024-05-11,936,11,in_person
360,2024-05-11,436,11,in_person
361,2024-05-11,710,11,in_person
362,2024-05-11,17,11,in_person
363,2024-05-11,791,11,in_person
364,2024-05-11,809,11,in_person
365,2024-05-11,807,11,in_person
366,2024-05-25,114,12,in_person
367,2024-05-25,375,12,in_person
368,2024-05-25,575,12,in_person
369,2024-05-25,772,12,in_person
370,2024-05-25,382,12,in_person
371,2024-05-25,482,12,in_person
372,2024-05-25,193,12,in_person
373,2024-05-25,534,12,in_person
374,2024-05-25,855,12,in_person
375,2024-05-25,233,12,in_person
376,2024-05-25,634,12,in_person
377,2024-05-25,267,12,in_person
378,2024-05-25,36,12,in_person
379,2024-05-25,125,12,in_person
380,2024-05-25,486,12,in_person
381,2024-05-25,412,12,in_person
382,2024-05-25,598,12,in_person
383,2024-05-25,694,12,in_person
384,2024-05-25,524,12,in_person
385,2024-05-25,896,12,in_person
386,2024-05-25,168,12,in_person
387,2024-05-25,68,12,in_person
388,2024-05-25,297,12,in_person
389,2024-05-25,230,12,in_person
390,2024-05-25,308,12,in_person
391,2024-05-25,505,12,in_person
392,2024-06-08,18,13,in_person
393,2024-06-08,50,13,in_person
394,2024-06-08,527,13,in_person
395,2024-06-08,614,13,in_person
396,2024-06-08,705,13,in_person
397,2024-06-08,844,13,in_person
398,2024-06-08,382,13,in_person
399,2024-06-08,815,13,in_person
400,2024-06-08,912,13,in_person
401,2024-06-08,134,13,in_person
402,2024-06-08,45,13,in_person
403,2024-06-08,802,13,in_person
404,2024-06-08,190,13,in_person
405,2024-06-08,361,13,in_person
406,2024-06-08,518,13,in_person
407,2024-06-08,176,13,in_person
408,2024-06-08,435,13,in_person
409,2024-06-08,780,13,in_person
410,2024-06-08,468,13,in_person
411,2024-06-08,194,13,in_person
412,2024-06-08,123,13,in_person
413,2024-06-08,105,13,in_person
414,2024-06-08,865,13,in_person
415,2024-06-08,497,13,in_person
416,2024-06-08,644,13,in_person
417,2024-06-08,639,13,in_person
418,2024-06-08,786,13,in_person
419,2024-06-08,829,13,in_person
420,2024-06-08,882,13,in_person
421,2024-06-08,500,13,in_person
422,2024-06-08,519,13,in_person
423,2024-06-08,995,13,in_person
424,2024-06-08,329,13,in_person
425,2024-06-08,858,13,in_person
426,2024-06-08,784,13,in_person
427,2024-06-08,890,13,in_person
428,2024-06-08,552,13,in_person
429,2024-06-08,582,13,in_person
430,2024-06-08,585,13,in_person
431,2024-06-08,103,13,in_person
432,2024-06-08,373,13,in_person
433,2024-06-08,640,13,in_person
434,2024-06-08,821,13,in_person
435,2024-06-22,680,14,in_person
436,2024-06-22,903,14,in_person
437,2024-06-22,591,14,in_person
438,2024-06-22,958,14,in_person
439,2024-06-22,702,14,in_person
440,2024-06-22,274,14,in_person
441,2024-06-22,433,14,in_person
442,2024-06-22,675,14,in_person
443,2024-06-22,881,14,in_person
444,2024-06-22,513,14,in_person
445,2024-06-22,958,14,in_person
446,2024-06-22,220,14,in_person
447,2024-06-22,987,14,in_person
448,2024-06-22,372,14,in_person
449,2024-06-22,679,14,in_person
450,2024-06-22,982,14,in_person
451,2024-06-22,9,14,in_person
452,2024-06-22,888,14,in_person
453,2024-06-22,483,14,in_person
454,2024-06-22,519,14,in_person
455,2024-06-22,833,14,in_person
456,2024-06-22,646,14,in_person
457,2024-06-22,411,14,in_person
458,2024-06-22,85,14,in_person
459,2024-06-22,993,14,in_person
460,2024-06-22,463,14,in_person
461,2024-06-22,204,14,in_person
462,2024-06-22,898,14,in_person
463,2024-06-22,22,14,in_person
464,2024-06-22,92,14,in_person
465,2024-06-22,295,14,in_person
466,2024-06-22,745,14,in_person
467,2024-06-22,242,14,in_person
468,2024-06-22,137,14,in_person
469,2024-06-22,931,14,in_person
470,2024-06-22,6,14,in_person
471,2024-06-22,405,14,in_person
472,2024-06-22,505,14,in_person
473,2024-07-06,949,15,in_person
474,2024-07-06,628,15,in_person
475,2024-07-06,56,15,in_person
476,2024-07-06,168,15,in_person
477,2024-07-06,469,15,in_person
478,2024-07-06,185,15,in_person
479,2024-07-06,694,15,in_person
480,2024-07-06,698,15,in_person
481,2024-07-06,609,15,in_person
482,2024-07-06,752,15,in_person
483,2024-07-06,183,15,in_person
484,2024-07-06,92,15,in_person
485,2024-07-06,799,15,in_person
486,2024-07-06,124,15,in_person
487,2024-07-06,926,15,in_person
488,2024-07-06,457,15,in_person
489,2024-07-06,693,15,in_person
490,2024-07-06,954,15,in_person
491,2024-07-06,308,15,in_person
492,2024-07-06,862,15,in_person
493,2024-07-06,49,15,in_person
494,2024-07-06,738,15,in_person
495,2024-07-06,474,15,in_person
496,2024-07-06,47,15,in_person
497,2024-07-06,322,15,in_person
498,2024-07-06,217,15,in_person
499,2024-07-06,893,15,in_person
500,2024-07-06,489,15,in_person
501,2024-07-06,370,15,in_person
502,2024-07-06,196,15,in_person
503,2024-07-06,880,15,in_person
504,2024-07-06,666,15,in_person
505,2024-07-06,89,15,in_person
506,2024-07-06,433,15,in_person
507,2024-07-06,757,15,in_person
508,2024-07-06,302,15,in_person
509,2024-07-20,869,16,in_person
510,2024-07-20,238,16,in_person
511,2024-07-20,428,16,in_person
512,2024-07-20,520,16,in_person
513,2024-07-20,944,16,in_person
514,2024-07-20,983,16,in_person
515,2024-07-20,816,16,in_person
516,2024-07-20,684,16,in_person
517,2024-07-20,311,16,in_person
518,2024-07-20,368,16,in_person
519,2024-07-20,265,16,in_person
520,2024-07-20,844,16,in_person
521,2024-07-20,746,16,in_person
522,2024-07-20,511,16,in_person
523,2024-07-20,450,16,in_person
524,2024-07-20,252,16,in_person
525,2024-07-20,807,16,in_person
526,2024-07-20,941,16,in_person
527,2024-07-20,967,16,in_person
528,2024-07-20,735,16,in_person
529,2024-07-20,647,16,in_person
530,2024-07-20,718,16,in_person
531,2024-07-20,715,16,in_person
532,2024-07-20,795,16,in_person
533,2024-07-20,551,16,in_person
534,2024-07-20,533,16,in_person
535,2024-07-20,744,16,in_person
536,2024-07-20,862,16,in_person
537,2024-07-20,127,16,in_person
538,2024-07-20,460,16,in_person
539,2024-07-20,348,16,in_person
540,2024-07-20,466,16,in_person
541,2024-07-20,84,16,in_person
542,2024-07-20,488,16,in_person
543,2024-07-20,539,16,in_person
544,2024-07-20,893,16,in_person
545,2024-07-20,451,16,in_person
546,2024-07-20,729,16,in_person
547,2024-08-03,379,17,in_person
548,2024-08-03,29,17,in_person
549,2024-08-03,188,17,in_person
550,2024-08-03,855,17,in_person
551,2024-08-03,153,17,in_person
552,2024-08-03,887,17,in_person
553,2024-08-03,816,17,in_person
554,2024-08-03,555,17,in_person
555,2024-08-03,124,17,in_person
556,2024-08-03,860,17,in_person
557,2024-08-03,325,17,in_person
558,2024-08-03,555,17,in_person
559,2024-08-03,787,17,in_person
560,2024-08-03,695,17,in_person
561,2024-08-03,186,17,in_person
562,2024-08-03,102,17,in_person
563,2024-08-03,265,17,in_person
564,2024-08-03,54,17,in_person
565,2024-08-03,505,17,in_person
566,2024-08-03,68,17,in_person
567,2024-08-03,692,17,in_person
568,2024-08-03,312,17,in_person
569,2024-08-03,801,17,in_person
570,2024-08-03,43,17,in_person
571,2024-08-03,669,17,in_person
572,2024-08-03,547,17,in_person
573,2024-08-03,900,17,in_person
574,2024-08-03,906,17,in_person
575,2024-08-03,330,17,in_person
576,2024-08-03,17,17,in_person
577,2024-08-03,552,17,in_person
578,2024-08-03,689,17,in_person
579,2024-08-03,848,17,in_person
580,2024-08-03,456,17,in_person
581,2024-08-03,697,17,in_person
582,2024-08-03,724,17,in_person
583,2024-08-03,175,17,in_person
584,2024-08-03,266,17,in_person
585,2024-08-03,657,17,in_person
586,2024-08-03,531,17,in_person
587,2024-08-03,546,17,in_person
588,2024-08-03,343,17,in_person
589,2024-08-17,707,18,in_person
590,2024-08-17,202,18,in_person
591,2024-08-17,641,18,in_person
592,2024-08-17,607,18,in_person
593,2024-08-17,853,18,in_person
594,2024-08-17,967,18,in_person
595,2024-08-17,783,18,in_person
596,2024-08-17,88,18,in_person
597,2024-08-17,105,18,in_person
598,2024-08-17,239,18,in_person
599,2024-08-17,111,18,in_person
600,2024-08-17,608,18,in_person
601,2024-08-17,493,18,in_person
602,2024-08-17,599,18,in_person
603,2024-08-17,319,18,in_person
604,2024-08-17,378,18,in_person
605,2024-08-17,194,18,in_person
606,2024-08-17,631,18,in_person
607,2024-08-17,466,18,in_person
608,2024-08-17,827,18,in_person
609,2024-08-17,367,18,in_person
610,2024-08-17,451,18,in_person
611,2024-08-17,45,18,in_person
612,2024-08-17,933,18,in_person
613,2024-08-17,389,18,in_person
614,2024-08-17,829,18,in_person
615,2024-08-17,819,18,in_person
616,2024-08-17,944,18,in_person
617,2024-08-17,875,18,in_person
618,2024-08-17,872,18,in_person
619,2024-08-17,172,18,in_person
620,2024-08-17,383,18,in_person
621,2024-08-31,225,19,in_person
622,2024-08-31,303,19,in_person
623,2024-08-31,43,19,in_person
624,2024-08-31,325,19,in_person
625,2024-08-31,240,19,in_person
626,2024-08-31,302,19,in_person
627,2024-08-31,310,19,in_person
628,2024-08-31,9,19,in_person
629,2024-08-31,484,19,in_person
630,2024-08-31,215,19,in_person
631,2024-08-31,321,19,in_person
632,2024-08-31,10,19,in_person
633,2024-08-31,782,19,in_person
634,2024-08-31,976,19,in_person
635,2024-08-31,655,19,in_person
636,2024-08-31,291,19,in_person
637,2024-08-31,72,19,in_person
638,2024-08-31,133,19,in_person
639,2024-08-31,318,19,in_person
640,2024-08-31,163,19,in_person
641,2024-08-31,147,19,in_person
642,2024-08-31,539,19,in_person
643,2024-08-31,472,19,in_person
644,2024-08-31,812,19,in_person
645,2024-08-31,426,19,in_person
646,2024-08-31,469,19,in_person
647,2024-08-31,403,19,in_person
648,2024-08-31,715,19,in_person
649,2024-08-31,79,19,in_person
650,2024-08-31,46,19,in_person
651,2024-08-31,409,19,in_person
652,2024-09-14,731,20,in_person
653,2024-09-14,782,20,in_person
654,2024-09-14,367,20,in_person
655,2024-09-14,453,20,in_person
656,2024-09-14,5,20,in_person
657,2024-09-14,952,20,in_person
658,2024-09-14,94,20,in_person
659,2024-09-14,346,20,in_person
660,2024-09-14,576,20,in_person
661,2024-09-14,366,20,in_person
662,2024-09-14,324,20,in_person
663,2024-09-14,68,20,in_person
664,2024-09-14,309,20,in_person
665,2024-09-14,615,20,in_person
666,2024-09-14,695,20,in_person
667,2024-09-14,392,20,in_person
668,2024-09-14,317,20,in_person
669,2024-09-14,635,20,in_person
670,2024-09-14,304,20,in_person
671,2024-09-14,39,20,in_person
672,2024-09-14,757,20,in_person
673,2024-09-14,351,20,in_person
674,2024-09-14,821,20,in_person
675,2024-09-14,67,20,in_person
676,2024-09-14,437,20,in_person
677,2024-09-14,311,20,in_person
678,2024-09-14,207,20,in_person
679,2024-09-14,974,20,in_person
680,2024-09-14,778,20,in_person
681,2024-09-14,342,20,in_person
682,2024-09-14,939,20,in_person
683,2024-09-14,748,20,in_person
684,2024-09-28,603,21,in_person
685,2024-09-28,395,21,in_person
686,2024-09-28,249,21,in_person
687,2024-09-28,268,21,in_person
688,2024-09-28,13,21,in_person
689,2024-09-28,939,21,in_person
690,2024-09-28,531,21,in_person
691,2024-09-28,796,21,in_person
692,2024-09-28,173,21,in_person
693,2024-09-28,499,21,in_person
694,2024-09-28,581,21,in_person
695,2024-09-28,88,21,in_person
696,2024-09-28,31,21,in_person
697,2024-09-28,682,21,in_person
698,2024-09-28,986,21,in_person
699,2024-09-28,912,21,in_person
700,2024-09-28,964,21,in_person
701,2024-09-28,59,21,in_person
702,2024-09-28,378,21,in_person
703,2024-09-28,981,21,in_person
704,2024-09-28,357,21,in_person
705,2024-09-28,675,21,in_person
706,2024-09-28,173,21,in_person
707,2024-09-28,925,21,in_person
708,2024-09-28,264,21,in_person
709,2024-09-28,341,21,in_person
710,2024-09-28,90,21,in_person
711,2024-09-28,960,21,in_person
712,2024-09-28,131,21,in_person
713,2024-09-28,110,21,in_person
714,2024-09-28,324,21,in_person
715,2024-09-28,512,21,in_person
716,2024-09-28,614,21,in_person
717,2024-09-28,281,21,in_person
718,2024-09-28,957,21,in_person
719,2024-09-28,346,21,in_person
720,2024-09-28,776,21,in_person
721,2024-09-28,290,21,in_person
722,2024-09-28,100,21,in_person
723,2024-09-28,871,21,in_person
724,2024-09-28,10,21,in_person
725,2024-09-28,695,21,in_person
726,2024-09-28,949,21,in_person
727,2024-09-28,184,21,in_person
728,2024-09-28,978,21,in_person
729,2024-10-12,886,22,in_person
730,2024-10-12,587,22,in_person
731,2024-10-12,720,22,in_person
732,2024-10-12,334,22,in_person
733,2024-10-12,416,22,in_person
734,2024-10-12,186,22,in_person
735,2024-10-12,87,22,in_person
736,2024-10-12,675,22,in_person
737,2024-10-12,705,22,in_person
738,2024-10-12,38,22,in_person
739,2024-10-12,981,22,in_person
740,2024-10-12,285,22,in_person
741,2024-10-12,564,22,in_person
742,2024-10-12,410,22,in_person
743,2024-10-12,645,22,in_person
744,2024-10-12,324,22,in_person
745,2024-10-12,797,22,in_person
746,2024-10-12,281,22,in_person
747,2024-10-12,388,22,in_person
748,2024-10-12,919,22,in_person
749,2024-10-12,186,22,in_person
750,2024-10-12,489,22,in_person
751,2024-10-12,388,22,in_person
752,2024-10-12,695,22,in_person
753,2024-10-12,283,22,in_person
754,2024-10-12,170,22,in_person
755,2024-10-12,986,22,in_person
756,2024-10-12,251,22,in_person
757,2024-10-12,508,22,in_person
758,2024-10-12,347,22,in_person
759,2024-10-12,946,22,in_person
760,2024-10-12,958,22,in_person
761,2024-10-12,306,22,in_person
762,2024-10-12,191,22,in_person
763,2024-10-12,504,22,in_person
764,2024-10-12,421,22,in_person
765,2024-10-12,788,22,in_person
766,2024-10-12,550,22,in_person
767,2024-10-12,292,22,in_person
768,2024-10-26,923,23,in_person
769,2024-10-26,983,23,in_person
770,2024-10-26,333,23,in_person
771,2024-10-26,812,23,in_person
772,2024-10-26,14,23,in_person
773,2024-10-26,445,23,in_person
774,2024-10-26,256,23,in_person
775,2024-10-26,718,23,in_person
776,2024-10-26,486,23,in_person
777,2024-10-26,235,23,in_person
778,2024-10-26,197,23,in_person
779,2024-10-26,63,23,in_person
780,2024-10-26,729,23,in_person
781,2024-10-26,187,23,in_person
782,2024-10-26,330,23,in_person
783,2024-10-26,442,23,in_person
784,2024-10-26,343,23,in_person
785,2024-10-26,700,23,in_person
786,2024-10-26,244,23,in_person
787,2024-10-26,617,23,in_person
788,2024-10-26,198,23,in_person
789,2024-10-26,780,23,in_person
790,2024-10-26,131,23,in_person
791,2024-10-26,913,23,in_person
792,2024-10-26,714,23,in_person
793,2024-10-26,411,23,in_person
794,2024-10-26,901,23,in_person
795,2024-10-26,655,23,in_person
796,2024-10-26,277,23,in_person
797,2024-10-26,740,23,in_person
798,2024-10-26,333,23,in_person
799,2024-10-26,969,23,in_person
800,2024-10-26,596,23,in_person
801,2024-10-26,378,23,in_person
802,2024-10-26,186,23,in_person
803,2024-11-09,289,24,in_person
804,2024-11-09,838,24,in_person
805,2024-11-09,147,24,in_person
806,2024-11-09,994,24,in_person
807,2024-11-09,745,24,in_person
808,2024-11-09,782,24,in_person
809,2024-11-09,874,24,in_person
810,2024-11-09,340,24,in_person
811,2024-11-09,106,24,in_person
812,2024-11-09,395,24,in_person
813,2024-11-09,944,24,in_person
814,2024-11-09,946,24,in_person
815,2024-11-09,357,24,in_person
816,2024-11-09,458,24,in_person
817,2024-11-09,149,24,in_person
818,2024-11-09,786,24,in_person
819,2024-11-09,493,24,in_person
820,2024-11-09,429,24,in_person
821,2024-11-09,733,24,in_person
822,2024-11-09,720,24,in_person
823,2024-11-09,872,24,in_person
824,2024-11-09,944,24,in_person
825,2024-11-09,870,24,in_person
826,2024-11-09,721,24,in_person
827,2024-11-09,381,24,in_person
828,2024-11-09,76,24,in_person
829,2024-11-09,79,24,in_person
830,2024-11-09,154,24,in_person
831,2024-11-09,455,24,in_person
832,2024-11-09,619,24,in_person
833,2024-11-09,568,24,in_person
834,2024-11-09,279,24,in_person
835,2024-11-09,489,24,in_person
836,2024-11-09,169,24,in_person
837,2024-11-09,200,24,in_person
838,2024-11-09,618,24,in_person
839,2024-11-09,612,24,in_person
840,2024-11-09,565,24,in_person
841,2024-11-09,276,24,in_person
842,2024-11-09,578,24,in_person
843,2024-11-09,998,24,in_person
844,2024-11-09,418,24,in_person
845,2024-11-09,976,24,in_person
846,2024-11-09,459,24,in_person
847,2024-11-09,793,24,in_person
848,2024-11-23,825,25,in_person
849,2024-11-23,561,25,in_person
850,2024-11-23,728,25,in_person
851,2024-11-23,963,25,in_person
852,2024-11-23,373,25,in_person
853,2024-11-23,270,25,in_person
854,2024-11-23,584,25,in_person
855,2024-11-23,896,25,in_person
856,2024-11-23,750,25,in_person
857,2024-11-23,787,25,in_person
858,2024-11-23,325,25,in_person
859,2024-11-23,720,25,in_person
860,2024-11-23,656,25,in_person
861,2024-11-23,64,25,in_person
862,2024-11-23,71,25,in_person
863,2024-11-23,463,25,in_person
864,2024-11-23,487,25,in_person
865,2024-11-23,575,25,in_person
866,2024-11-23,761,25,in_person
867,2024-11-23,4,25,in_person
868,2024-11-23,357,25,in_person
869,2024-11-23,591,25,in_person
870,2024-11-23,437,25,in_person
871,2024-11-23,567,25,in_person
872,2024-11-23,650,25,in_person
873,2024-11-23,90,25,in_person
874,2024-11-23,217,25,in_person
875,2024-11-23,118,25,in_person
876,2024-12-07,991,26,in_person
877,2024-12-07,275,26,in_person
878,2024-12-07,344,26,in_person
879,2024-12-07,248,26,in_person
880,2024-12-07,132,26,in_person
881,2024-12-07,864,26,in_person
882,2024-12-07,448,26,in_person
883,2024-12-07,29,26,in_person
884,2024-12-07,465,26,in_person
885,2024-12-07,861,26,in_person
886,2024-12-07,789,26,in_person
887,2024-12-07,958,26,in_person
888,2024-12-07,888,26,in_person
889,2024-12-07,110,26,in_person
890,2024-12-07,96,26,in_person
891,2024-12-07,401,26,in_person
892,2024-12-07,76,26,in_person
893,2024-12-07,828,26,in_person
894,2024-12-07,676,26,in_person
895,2024-12-07,629,26,in_person
896,2024-12-07,549,26,in_person
897,2024-12-07,222,26,in_person
898,2024-12-07,357,26,in_person
899,2024-12-07,945,26,in_person
900,2024-12-07,867,26,in_person
901,2024-12-07,279,26,in_person
902,2024-12-07,601,26,in_person
903,2024-12-07,408,26,in_person
904,2024-12-07,440,26,in_person
905,2024-12-07,126,26,in_person
906,2024-12-07,219,26,in_person
907,2024-12-07,540,26,in_person
908,2024-12-07,588,26,in_person
909,2024-12-07,464,26,in_person
910,2024-12-07,243,26,in_person
911,2024-12-07,135,26,in_person
912,2024-12-21,772,27,in_person
913,2024-12-21,506,27,in_person
914,2024-12-21,864,27,in_person
915,2024-12-21,230,27,in_person
916,2024-12-21,331,27,in_person
917,2024-12-21,114,27,in_person
918,2024-12-21,338,27,in_person
919,2024-12-21,123,27,in_person
920,2024-12-21,653,27,in_person
921,2024-12-21,247,27,in_person
922,2024-12-21,271,27,in_person
923,2024-12-21,712,27,in_person
924,2024-12-21,218,27,in_person
925,2024-12-21,193,27,in_person
926,2024-12-21,726,27,in_person
927,2024-12-21,395,27,in_person
928,2024-12-21,763,27,in_person
929,2024-12-21,192,27,in_person
930,2024-12-21,361,27,in_person
931,2024-12-21,363,27,in_person
932,2024-12-21,442,27,in_person
933,2024-12-21,199,27,in_person
934,2024-12-21,283,27,in_person
935,2024-12-21,225,27,in_person
936,2024-12-21,245,27,in_person
937,2024-12-21,904,27,in_person
938,2024-12-21,508,27,in_person
939,2024-12-21,653,27,in_person
940,2024-12-21,97,27,in_person
941,2024-12-21,757,27,in_person
942,2024-12-21,175,27,in_person
943,2024-12-21,341,27,in_person
944,2024-12-21,598,27,in_person
945,2024-12-21,113,27,in_person
946,2024-12-21,298,27,in_person
947,2024-02-10,470,28,in_person
948,2024-02-10,342,28,in_person
949,2024-02-10,251,28,in_person
950,2024-02-10,655,28,in_person
951,2024-02-10,696,28,in_person
952,2024-02-10,401,28,in_person
953,2024-02-10,855,28,in_person
954,2024-02-10,511,28,in_person
955,2024-02-10,223,28,in_person
956,2024-02-10,501,28,in_person
957,2024-02-10,855,28,in_person
958,2024-02-10,900,28,in_person
959,2024-02-10,977,28,in_person
960,2024-02-10,202,28,in_person
961,2024-02-10,225,28,in_person
962,2024-02-10,832,28,in_person
963,2024-02-10,612,28,in_person
964,2024-02-10,824,28,in_person
965,2024-02-10,313,28,in_person
966,2024-02-10,559,28,in_person
967,2024-02-10,99,28,in_person
968,2024-02-10,516,28,in_person
969,2024-02-10,630,28,in_person
970,2024-02-10,472,28,in_person
971,2024-02-10,691,28,in_person
972,2024-02-10,656,28,in_person
973,2024-02-10,210,28,in_person
974,2024-02-10,455,28,in_person
975,2024-02-10,415,28,in_person
976,2024-02-10,880,28,in_person
977,2024-02-10,674,28,in_person
978,2024-02-10,488,28,in_person
979,2024-02-10,401,28,in_person
980,2024-02-10,427,28,in_person
981,2024-02-10,986,28,in_person
982,2024-02-10,284,28,in_person
983,2024-02-10,877,28,in_person
984,2024-02-10,286,28,in_person
985,2024-02-10,621,28,in_person
986,2024-02-10,599,28,in_person
987,2024-02-10,682,28,in_person
988,2024-02-10,332,28,in_person
989,2024-02-10,774,28,in_person
990,2024-02-10,111,28,in_person
991,2024-02-10,449,28,in_person
992,2024-02-10,89,28,in_person
993,2024-02-10,793,28,in_person
994,2024-02-10,349,28,in_person
995,2024-02-10,195,28,in_person
996,2024-02-10,131,28,in_person
997,2024-02-10,24,28,in_person
998,2024-02-10,400,28,in_person
999,2024-02-10,874,28,in_person
1000,2024-02-10,597,28,in_person
1001,2024-02-10,206,28,in_person
1002,2024-02-10,210,28,in_person
1003,2024-02-10,355,28,in_person
1004,2024-02-10,442,28,in_person
1005,2024-02-10,548,28,in_person
1006,2024-02-10,713,28,in_person
1007,2024-02-10,119,28,in_person
1008,2024-02-10,361,28,in_person
1009,2024-02-10,244,28,in_person
1010,2024-02-10,423,28,in_person
1011,2024-02-10,833,28,in_person
1012,2024-02-10,185,28,in_person
1013,2024-02-10,671,28,in_person
1014,2024-02-10,920,28,in_person
1015,2024-02-10,516,28,in_person
1016,2024-02-10,723,28,in_person
1017,2024-02-10,37,28,in_person
1018,2024-02-10,394,28,in_person
1019,2024-02-10,676,28,in_person
1020,2024-02-10,33,28,in_person
1021,2024-02-10,830,28,in_person
1022,2024-02-10,802,28,in_person
1023,2024-02-10,880,28,in_person
1024,2024-02-10,974,28,in_person
1025,2024-02-10,346,28,in_person
1026,2024-02-10,830,28,in_person
1027,2024-02-10,455,28,in_person
1028,2024-02-10,419,28,in_person
1029,2024-02-10,919,28,in_person
1030,2024-02-10,266,28,in_person
1031,2024-02-10,43,28,in_person
1032,2024-02-10,554,28,in_person
1033,2024-02-10,80,28,in_person
1034,2024-02-10,850,28,in_person
1035,2024-02-10,482,28,in_person
1036,2024-02-10,963,28,in_person
1037,2024-02-10,673,28,in_person
1038,2024-02-10,579,28,in_person
1039,2024-02-10,622,28,in_person
1040,2024-02-10,933,28,in_person
1041,2024-02-10,237,28,in_person
1042,2024-02-10,371,28,in_person
1043,2024-02-10,937,28,in_person
1044,2024-02-10,460,28,in_person
1045,2024-02-10,691,28,in_person
1046,2024-02-10,419,28,in_person
1047,2024-02-10,648,28,in_person
1048,2024-02-10,891,28,in_person
1049,2024-02-10,171,28,in_person
1050,2024-03-16,624,29,in_person
1051,2024-03-16,646,29,in_person
1052,2024-03-16,776,29,in_person
1053,2024-03-16,608,29,in_person
1054,2024-03-16,603,29,in_person
1055,2024-03-16,305,29,in_person
1056,2024-03-16,327,29,in_person
1057,2024-03-16,589,29,in_person
1058,2024-03-16,947,29,in_person
1059,2024-03-16,212,29,in_person
1060,2024-03-16,7,29,in_person
1061,2024-03-16,534,29,in_person
1062,2024-03-16,734,29,in_person
1063,2024-03-16,286,29,in_person
1064,2024-03-16,161,29,in_person
1065,2024-03-16,914,29,in_person
1066,2024-03-16,386,29,in_person
1067,2024-03-16,4,29,in_person
1068,2024-03-16,728,29,in_person
1069,2024-03-16,629,29,in_person
1070,2024-03-16,496,29,in_person
1071,2024-03-16,816,29,in_person
1072,2024-03-16,430,29,in_person
1073,2024-03-16,861,29,in_person
1074,2024-03-16,422,29,in_person
1075,2024-03-16,267,29,in_person
1076,2024-03-16,971,29,in_person
1077,2024-03-16,671,29,in_person
1078,2024-03-16,204,29,in_person
1079,2024-03-16,37,29,in_person
1080,2024-03-16,127,29,in_person
1081,2024-03-16,851,29,in_person
1082,2024-03-16,880,29,in_person
1083,2024-03-16,762,29,in_person
1084,2024-03-16,103,29,in_person
1085,2024-03-16,386,29,in_person
1086,2024-03-16,575,29,in_person
1087,2024-03-16,547,29,in_person
1088,2024-03-16,464,29,in_person
1089,2024-03-16,790,29,in_person
1090,2024-03-16,112,29,in_person
1091,2024-03-16,886,29,in_person
1092,2024-03-16,38,29,in_person
1093,2024-03-16,893,29,in_person
1094,2024-03-16,559,29,in_person
1095,2024-03-16,944,29,in_person
1096,2024-03-16,131,29,in_person
1097,2024-03-16,40,29,in_person
1098,2024-03-16,578,29,in_person
1099,2024-03-16,484,29,in_person
1100,2024-03-16,326,29,in_person
1101,2024-03-16,6,29,in_person
1102,2024-03-16,97,29,in_person
1103,2024-04-20,905,30,in_person
1104,2024-04-20,282,30,in_person
1105,2024-04-20,599,30,in_person
1106,2024-04-20,106,30,in_person
1107,2024-04-20,339,30,in_person
1108,2024-04-20,803,30,in_person
1109,2024-04-20,151,30,in_person
1110,2024-04-20,332,30,in_person
1111,2024-04-20,524,30,in_person
1112,2024-04-20,325,30,in_person
1113,2024-04-20,574,30,in_person
1114,2024-04-20,702,30,in_person
1115,2024-04-20,183,30,in_person
1116,2024-04-20,790,30,in_person
1117,2024-04-20,956,30,in_person
1118,2024-04-20,337,30,in_person
1119,2024-04-20,515,30,in_person
1120,2024-04-20,623,30,in_person
1121,2024-04-20,628,30,in_person
1122,2024-04-20,285,30,in_person
1123,2024-04-20,427,30,in_person
1124,2024-04-20,420,30,in_person
1125,2024-04-20,319,30,in_person
1126,2024-04-20,478,30,in_person
1127,2024-04-20,191,30,in_person
1128,2024-04-20,786,30,in_person
1129,2024-04-20,384,30,in_person
1130,2024-04-20,766,30,in_person
1131,2024-04-20,579,30,in_person
1132,2024-04-20,280,30,in_person
1133,2024-04-20,38,30,in_person
1134,2024-04-20,565,30,in_person
1135,2024-04-20,601,30,in_person
1136,2024-04-20,331,30,in_person
1137,2024-04-20,925,30,in_person
1138,2024-04-20,167,30,in_person
1139,2024-04-20,749,30,in_person
1140,2024-04-20,741,30,in_person
1141,2024-04-20,411,30,in_person
1142,2024-04-20,782,30,in_person
1143,2024-04-20,975,30,in_person
1144,2024-04-20,1,30,in_person
1145,2024-04-20,448,30,in_person
1146,2024-04-20,569,30,in_person
1147,2024-04-20,397,30,in_person
1148,2024-04-20,410,30,in_person
1149,2024-04-20,759,30,in_person
1150,2024-04-20,142,30,in_person
1151,2024-04-20,436,30,in_person
1152,2024-04-20,841,30,in_person
1153,2024-04-20,477,30,in_person
1154,2024-04-20,498,30,in_person
1155,2024-04-20,650,30,in_person
1156,2024-04-20,515,30,in_person
1157,2024-04-20,865,30,in_person
1158,2024-04-20,154,30,in_person
1159,2024-04-20,203,30,in_person
1160,2024-04-20,889,30,in_person
1161,2024-04-20,304,30,in_person
1162,2024-04-20,333,30,in_person
1163,2024-04-20,366,30,in_person
1164,2024-04-20,745,30,in_person
1165,2024-04-20,354,30,in_person
1166,2024-04-20,81,30,in_person
1167,2024-04-20,433,30,in_person
1168,2024-04-20,264,30,in_person
1169,2024-04-20,585,30,in_person
1170,2024-04-20,553,30,in_person
1171,2024-04-20,620,30,in_person
1172,2024-04-20,280,30,in_person
1173,2024-04-20,673,30,in_person
1174,2024-04-20,810,30,in_person
1175,2024-04-20,953,30,in_person
1176,2024-04-20,511,30,in_person
1177,2024-04-20,262,30,in_person
1178,2024-04-20,647,30,in_person
1179,2024-04-20,769,30,in_person
1180,2024-04-20,160,30,in_person
1181,2024-04-20,770,30,in_person
1182,2024-04-20,585,30,in_person
1183,2024-04-20,564,30,in_person
1184,2024-04-20,923,30,in_person
1185,2024-04-20,231,30,in_person
1186,2024-04-20,700,30,in_person
1187,2024-04-20,614,30,in_person
1188,2024-04-20,484,30,in_person
1189,2024-04-20,871,30,in_person
1190,2024-04-20,251,30,in_person
1191,2024-04-20,823,30,in_person
1192,2024-04-20,767,30,in_person
1193,2024-04-20,883,30,in_person
1194,2024-04-20,905,30,in_person
1195,2024-04-20,62,30,in_person
1196,2024-04-20,788,30,in_person
1197,2024-04-20,645,30,in_person
1198,2024-04-20,740,30,in_person
1199,2024-04-20,146,30,in_person
1200,2024-04-20,456,30,in_person
1201,2024-04-20,582,30,in_person
1202,2024-04-20,152,30,in_person
1203,2024-04-20,163,30,in_person
1204,2024-04-20,132,30,in_person
1205,2024-04-20,264,30,in_person
1206,2024-04-20,373,30,in_person
1207,2024-04-20,602,30,in_person
1208,2024-04-20,212,30,in_person
1209,2024-04-20,809,30,in_person
1210,2024-04-20,471,30,in_person
1211,2024-04-20,681,30,in_person
1212,2024-04-20,520,30,in_person
1213,2024-04-20,994,30,in_person
1214,2024-04-20,707,30,in_person
1215,2024-04-20,928,30,in_person
1216,2024-04-20,120,30,in_person
1217,2024-04-20,556,30,in_person
1218,2024-05-18,908,31,in_person
1219,2024-05-18,1,31,in_person
1220,2024-05-18,505,31,in_person
1221,2024-05-18,255,31,in_person
1222,2024-05-18,641,31,in_person
1223,2024-05-18,500,31,in_person
1224,2024-05-18,508,31,in_person
1225,2024-05-18,690,31,in_person
1226,2024-05-18,351,31,in_person
1227,2024-05-18,315,31,in_person
1228,2024-05-18,585,31,in_person
1229,2024-05-18,334,31,in_person
1230,2024-05-18,850,31,in_person
1231,2024-05-18,57,31,in_person
1232,2024-05-18,330,31,in_person
1233,2024-05-18,574,31,in_person
1234,2024-05-18,334,31,in_person
1235,2024-05-18,705,31,in_person
1236,2024-05-18,114,31,in_person
1237,2024-05-18,895,31,in_person
1238,2024-05-18,576,31,in_person
1239,2024-05-18,560,31,in_person
1240,2024-05-18,892,31,in_person
1241,2024-05-18,766,31,in_person
1242,2024-05-18,123,31,in_person
1243,2024-05-18,17,31,in_person
1244,2024-05-18,650,31,in_person
1245,2024-05-18,998,31,in_person
1246,2024-05-18,625,31,in_person
1247,2024-05-18,463,31,in_person
1248,2024-05-18,589,31,in_person
1249,2024-05-18,20,31,in_person
1250,2024-05-18,266,31,in_person
1251,2024-05-18,104,31,in_person
1252,2024-05-18,799,31,in_person
1253,2024-05-18,336,31,in_person
1254,2024-05-18,127,31,in_person
1255,2024-05-18,96,31,in_person
1256,2024-05-18,93,31,in_person
1257,2024-05-18,823,31,in_person
1258,2024-05-18,364,31,in_person
1259,2024-05-18,445,31,in_person
1260,2024-05-18,47,31,in_person
1261,2024-05-18,10,31,in_person
1262,2024-05-18,482,31,in_person
1263,2024-05-18,844,31,in_person
1264,2024-05-18,989,31,in_person
1265,2024-05-18,374,31,in_person
1266,2024-05-18,30,31,in_person
1267,2024-05-18,116,31,in_person
1268,2024-05-18,132,31,in_person
1269,2024-05-18,490,31,in_person
1270,2024-05-18,231,31,in_person
1271,2024-05-18,257,31,in_person
1272,2024-05-18,728,31,in_person
1273,2024-05-18,187,31,in_person
1274,2024-05-18,166,31,in_person
1275,2024-05-18,496,31,in_person
1276,2024-05-18,262,31,in_person
1277,2024-05-18,680,31,in_person
1278,2024-05-18,65,31,in_person
1279,2024-05-18,850,31,in_person
1280,2024-05-18,130,31,in_person
1281,2024-05-18,204,31,in_person
1282,2024-05-18,553,31,in_person
1283,2024-05-18,384,31,in_person
1284,2024-05-18,864,31,in_person
1285,2024-05-18,739,31,in_person
1286,2024-05-18,843,31,in_person
1287,2024-05-18,401,31,in_person
1288,2024-05-18,232,31,in_person
1289,2024-05-18,534,31,in_person
1290,2024-05-18,613,31,in_person
1291,2024-05-18,350,31,in_person
1292,2024-05-18,536,31,in_person
1293,2024-05-18,248,31,in_person
1294,2024-05-18,366,31,in_person
1295,2024-05-18,249,31,in_person
1296,2024-05-18,575,31,in_person
1297,2024-05-18,590,31,in_person
1298,2024-05-18,370,31,in_person
1299,2024-05-18,873,31,in_person
1300,2024-05-18,222,31,in_person
1301,2024-05-18,870,31,in_person
1302,2024-05-18,215,31,in_person
1303,2024-05-18,865,31,in_person
1304,2024-05-18,104,31,in_person
1305,2024-05-18,773,31,in_person
1306,2024-05-18,115,31,in_person
1307,2024-05-18,718,31,in_person
1308,2024-05-18,204,31,in_person
1309,2024-05-18,873,31,in_person
1310,2024-05-18,407,31,in_person
1311,2024-05-18,835,31,in_person
1312,2024-05-18,854,31,in_person
1313,2024-05-18,250,31,in_person
1314,2024-05-18,823,31,in_person
1315,2024-05-18,593,31,in_person
1316,2024-05-18,549,31,in_person
1317,2024-05-18,738,31,in_person
1318,2024-05-18,477,31,in_person
1319,2024-05-18,634,31,in_person
1320,2024-05-18,977,31,in_person
1321,2024-05-18,283,31,in_person
1322,2024-05-18,406,31,in_person
1323,2024-05-18,339,31,in_person
1324,2024-05-18,148,31,in_person
1325,2024-05-18,602,31,in_person
1326,2024-05-18,543,31,in_person
1327,2024-05-18,255,31,in_person
1328,2024-05-18,825,31,in_person
1329,2024-05-18,868,31,in_person
1330,2024-05-18,182,31,in_person
1331,2024-05-18,360,31,in_person
1332,2024-05-18,173,31,in_person
1333,2024-05-18,5,31,in_person
1334,2024-05-18,577,31,in_person
1335,2024-05-18,194,31,in_person
1336,2024-05-18,615,31,in_person
1337,2024-05-18,724,31,in_person
1338,2024-05-18,358,31,in_person
1339,2024-05-18,628,31,in_person
1340,2024-05-18,43,31,in_person
1341,2024-05-18,831,31,in_person
1342,2024-05-18,459,31,in_person
1343,2024-05-18,25,31,in_person
1344,2024-06-08,701,32,in_person
1345,2024-06-08,766,32,in_person
1346,2024-06-08,757,32,in_person
1347,2024-06-08,469,32,in_person
1348,2024-06-08,5,32,in_person
1349,2024-06-08,904,32,in_person
1350,2024-06-08,837,32,in_person
1351,2024-06-08,132,32,in_person
1352,2024-06-08,69,32,in_person
1353,2024-06-08,263,32,in_person
1354,2024-06-08,206,32,in_person
1355,2024-06-08,491,32,in_person
1356,2024-06-08,189,32,in_person
1357,2024-06-08,248,32,in_person
1358,2024-06-08,147,32,in_person
1359,2024-06-08,787,32,in_person
1360,2024-06-08,15,32,in_person
1361,2024-06-08,200,32,in_person
1362,2024-06-08,893,32,in_person
1363,2024-06-08,571,32,in_person
1364,2024-06-08,59,32,in_person
1365,2024-06-08,548,32,in_person
1366,2024-06-08,380,32,in_person
1367,2024-06-08,7,32,in_person
1368,2024-06-08,788,32,in_person
1369,2024-06-08,960,32,in_person
1370,2024-06-08,700,32,in_person
1371,2024-06-08,230,32,in_person
1372,2024-06-08,987,32,in_person
1373,2024-06-08,129,32,in_person
1374,2024-06-08,137,32,in_person
1375,2024-06-08,922,32,in_person
1376,2024-06-08,482,32,in_person
1377,2024-06-08,927,32,in_person
1378,2024-06-08,396,32,in_person
1379,2024-06-08,155,32,in_person
1380,2024-06-08,781,32,in_person
1381,2024-06-08,321,32,in_person
1382,2024-06-08,297,32,in_person
1383,2024-06-08,923,32,in_person
1384,2024-06-08,932,32,in_person
1385,2024-06-08,902,32,in_person
1386,2024-06-08,786,32,in_person
1387,2024-06-08,954,32,in_person
1388,2024-06-08,916,32,in_person
1389,2024-06-08,907,32,in_person
1390,2024-06-08,71,32,in_person
1391,2024-06-08,939,32,in_person
1392,2024-06-08,985,32,in_person
1393,2024-06-08,428,32,in_person
1394,2024-06-08,460,32,in_person
1395,2024-06-08,310,32,in_person
1396,2024-06-08,398,32,in_person
1397,2024-06-08,344,32,in_person
1398,2024-06-08,417,32,in_person
1399,2024-06-08,86,32,in_person
1400,2024-06-08,383,32,in_person
1401,2024-06-08,798,32,in_person
1402,2024-06-08,14,32,in_person
1403,2024-07-13,895,33,in_person
1404,2024-07-13,58,33,in_person
1405,2024-07-13,4,33,in_person
1406,2024-07-13,52,33,in_person
1407,2024-07-13,620,33,in_person
1408,2024-07-13,998,33,in_person
1409,2024-07-13,590,33,in_person
1410,2024-07-13,224,33,in_person
1411,2024-07-13,544,33,in_person
1412,2024-07-13,289,33,in_person
1413,2024-07-13,82,33,in_person
1414,2024-07-13,603,33,in_person
1415,2024-07-13,380,33,in_person
1416,2024-07-13,44,33,in_person
1417,2024-07-13,464,33,in_person
1418,2024-07-13,430,33,in_person
1419,2024-07-13,223,33,in_person
1420,2024-07-13,278,33,in_person
1421,2024-07-13,163,33,in_person
1422,2024-07-13,234,33,in_person
1423,2024-07-13,444,33,in_person
1424,2024-07-13,993,33,in_person
1425,2024-07-13,145,33,in_person
1426,2024-07-13,427,33,in_person
1427,2024-07-13,627,33,in_person
1428,2024-07-13,350,33,in_person
1429,2024-07-13,379,33,in_person
1430,2024-07-13,705,33,in_person
1431,2024-07-13,650,33,in_person
1432,2024-07-13,501,33,in_person
1433,2024-07-13,639,33,in_person
1434,2024-07-13,618,33,in_person
1435,2024-07-13,649,33,in_person
1436,2024-07-13,495,33,in_person
1437,2024-07-13,844,33,in_person
1438,2024-07-13,306,33,in_person
1439,2024-07-13,30,33,in_person
1440,2024-07-13,569,33,in_person
1441,2024-07-13,111,33,in_person
1442,2024-07-13,146,33,in_person
1443,2024-07-13,644,33,in_person
1444,2024-07-13,335,33,in_person
1445,2024-07-13,58,33,in_person
1446,2024-07-13,536,33,in_person
1447,2024-07-13,773,33,in_person
1448,2024-07-13,423,33,in_person
1449,2024-07-13,559,33,in_person
1450,2024-07-13,712,33,in_person
1451,2024-07-13,460,33,in_person
1452,2024-07-13,233,33,in_person
1453,2024-07-13,54,33,in_person
1454,2024-07-13,978,33,in_person
1455,2024-07-13,205,33,in_person
1456,2024-07-13,522,33,in_person
1457,2024-07-13,343,33,in_person
1458,2024-07-13,123,33,in_person
1459,2024-07-13,43,33,in_person
1460,2024-07-13,205,33,in_person
1461,2024-07-13,370,33,in_person
1462,2024-07-13,318,33,in_person
1463,2024-07-13,212,33,in_person
1464,2024-07-13,943,33,in_person
1465,2024-07-13,906,33,in_person
1466,2024-07-13,878,33,in_person
1467,2024-07-13,311,33,in_person
1468,2024-07-13,100,33,in_person
1469,2024-07-13,995,33,in_person
1470,2024-07-13,287,33,in_person
1471,2024-07-13,921,33,in_person
1472,2024-07-13,953,33,in_person
1473,2024-07-13,467,33,in_person
1474,2024-07-13,39,33,in_person
1475,2024-07-13,673,33,in_person
1476,2024-07-13,727,33,in_person
1477,2024-07-13,25,33,in_person
1478,2024-07-13,895,33,in_person
1479,2024-07-13,613,33,in_person
1480,2024-07-13,383,33,in_person
1481,2024-07-13,417,33,in_person
1482,2024-07-13,356,33,in_person
1483,2024-07-13,369,33,in_person
1484,2024-07-13,614,33,in_person
1485,2024-07-13,872,33,in_person
1486,2024-07-13,902,33,in_person
1487,2024-07-13,533,33,in_person
1488,2024-07-13,681,33,in_person
1489,2024-07-13,768,33,in_person
1490,2024-07-13,232,33,in_person
1491,2024-07-13,712,33,in_person
1492,2024-07-13,191,33,in_person
1493,2024-07-13,214,33,in_person
1494,2024-07-13,651,33,in_person
1495,2024-07-13,262,33,in_person
1496,2024-07-13,636,33,in_person
1497,2024-07-13,851,33,in_person
1498,2024-07-13,36,33,in_person
1499,2024-07-13,222,33,in_person
1500,2024-07-13,71,33,in_person
1501,2024-07-13,715,33,in_person
1502,2024-07-13,340,33,in_person
1503,2024-07-13,204,33,in_person
1504,2024-07-13,310,33,in_person
1505,2024-07-13,598,33,in_person
1506,2024-07-13,22,33,in_person
1507,2024-07-13,286,33,in_person
1508,2024-07-13,67,33,in_person
1509,2024-07-13,487,33,in_person
1510,2024-07-13,124,33,in_person
1511,2024-07-13,681,33,in_person
1512,2024-07-13,571,33,in_person
1513,2024-07-13,190,33,in_person
1514,2024-07-13,719,33,in_person
1515,2024-07-13,808,33,in_person
1516,2024-07-13,600,33,in_person
1517,2024-07-13,194,33,in_person
1518,2024-07-13,150,33,in_person
1519,2024-07-13,580,33,in_person
1520,2024-07-13,860,33,in_person
1521,2024-07-13,800,33,in_person
1522,2024-07-13,954,33,in_person
1523,2024-08-17,930,34,in_person
1524,2024-08-17,662,34,in_person
1525,2024-08-17,792,34,in_person
1526,2024-08-17,311,34,in_person
1527,2024-08-17,546,34,in_person
1528,2024-08-17,321,34,in_person
1529,2024-08-17,193,34,in_person
1530,2024-08-17,371,34,in_person
1531,2024-08-17,898,34,in_person
1532,2024-08-17,809,34,in_person
1533,2024-08-17,735,34,in_person
1534,2024-08-17,150,34,in_person
1535,2024-08-17,990,34,in_person
1536,2024-08-17,4,34,in_person
1537,2024-08-17,951,34,in_person
1538,2024-08-17,438,34,in_person
1539,2024-08-17,186,34,in_person
1540,2024-08-17,43,34,in_person
1541,2024-08-17,737,34,in_person
1542,2024-08-17,226,34,in_person
1543,2024-08-17,24,34,in_person
1544,2024-08-17,18,34,in_person
1545,2024-08-17,940,34,in_person
1546,2024-08-17,688,34,in_person
1547,2024-08-17,457,34,in_person
1548,2024-08-17,419,34,in_person
1549,2024-08-17,211,34,in_person
1550,2024-08-17,700,34,in_person
1551,2024-08-17,224,34,in_person
1552,2024-08-17,733,34,in_person
1553,2024-08-17,899,34,in_person
1554,2024-08-17,820,34,in_person
1555,2024-08-17,391,34,in_person
1556,2024-08-17,932,34,in_person
1557,2024-08-17,235,34,in_person
1558,2024-08-17,491,34,in_person
1559,2024-08-17,661,34,in_person
1560,2024-08-17,93,34,in_person
1561,2024-08-17,955,34,in_person
1562,2024-08-17,880,34,in_person
1563,2024-08-17,235,34,in_person
1564,2024-08-17,238,34,in_person
1565,2024-08-17,276,34,in_person
1566,2024-08-17,785,34,in_person
1567,2024-08-17,404,34,in_person
1568,2024-08-17,867,34,in_person
1569,2024-08-17,588,34,in_person
1570,2024-08-17,656,34,in_person
1571,2024-08-17,694,34,in_person
1572,2024-08-17,806,34,in_person
1573,2024-08-17,130,34,in_person
1574,2024-08-17,221,34,in_person
1575,2024-08-17,461,34,in_person
1576,2024-08-17,730,34,in_person
1577,2024-08-17,919,34,in_person
1578,2024-08-17,80,34,in_person
1579,2024-08-17,70,34,in_person
1580,2024-08-17,170,34,in_person
1581,2024-09-14,576,35,in_person
1582,2024-09-14,646,35,in_person
1583,2024-09-14,292,35,in_person
1584,2024-09-14,905,35,in_person
1585,2024-09-14,683,35,in_person
1586,2024-09-14,339,35,in_person
1587,2024-09-14,96,35,in_person
1588,2024-09-14,200,35,in_person
1589,2024-09-14,438,35,in_person
1590,2024-09-14,272,35,in_person
1591,2024-09-14,117,35,in_person
1592,2024-09-14,632,35,in_person
1593,2024-09-14,647,35,in_person
1594,2024-09-14,445,35,in_person
1595,2024-09-14,975,35,in_person
1596,2024-09-14,902,35,in_person
1597,2024-09-14,972,35,in_person
1598,2024-09-14,316,35,in_person
1599,2024-09-14,951,35,in_person
1600,2024-09-14,104,35,in_person
1601,2024-09-14,154,35,in_person
1602,2024-09-14,483,35,in_person
1603,2024-09-14,696,35,in_person
1604,2024-09-14,339,35,in_person
1605,2024-09-14,41,35,in_person
1606,2024-09-14,111,35,in_person
1607,2024-09-14,74,35,in_person
1608,2024-09-14,681,35,in_person
1609,2024-09-14,368,35,in_person
1610,2024-09-14,721,35,in_person
1611,2024-09-14,897,35,in_person
1612,2024-09-14,130,35,in_person
1613,2024-09-14,705,35,in_person
1614,2024-09-14,446,35,in_person
1615,2024-09-14,960,35,in_person
1616,2024-09-14,51,35,in_person
1617,2024-09-14,399,35,in_person
1618,2024-09-14,803,35,in_person
1619,2024-09-14,8,35,in_person
1620,2024-09-14,930,35,in_person
1621,2024-09-14,790,35,in_person
1622,2024-09-14,820,35,in_person
1623,2024-09-14,697,35,in_person
1624,2024-09-14,820,35,in_person
1625,2024-09-14,552,35,in_person
1626,2024-09-14,461,35,in_person
1627,2024-09-14,837,35,in_person
1628,2024-09-14,405,35,in_person
1629,2024-09-14,228,35,in_person
1630,2024-09-14,788,35,in_person
1631,2024-09-14,876,35,in_person
1632,2024-09-14,182,35,in_person
1633,2024-09-14,22,35,in_person
1634,2024-09-14,174,35,in_person
1635,2024-09-14,371,35,in_person
1636,2024-09-14,556,35,in_person
1637,2024-09-14,977,35,in_person
1638,2024-09-14,989,35,in_person
1639,2024-09-14,125,35,in_person
1640,2024-09-14,805,35,in_person
1641,2024-09-14,181,35,in_person
1642,2024-09-14,743,35,in_person
1643,2024-09-14,65,35,in_person
1644,2024-09-14,835,35,in_person
1645,2024-09-14,107,35,in_person
1646,2024-09-14,571,35,in_person
1647,2024-09-14,4,35,in_person
1648,2024-09-14,993,35,in_person
1649,2024-09-14,864,35,in_person
1650,2024-09-14,608,35,in_person
1651,2024-09-14,123,35,in_person
1652,2024-09-14,301,35,in_person
1653,2024-09-14,681,35,in_person
1654,2024-09-14,24,35,in_person
1655,2024-09-14,729,35,in_person
1656,2024-09-14,618,35,in_person
1657,2024-09-14,910,35,in_person
1658,2024-09-14,238,35,in_person
1659,2024-09-14,773,35,in_person
1660,2024-09-14,771,35,in_person
1661,2024-09-14,44,35,in_person
1662,2024-09-14,84,35,in_person
1663,2024-09-14,718,35,in_person
1664,2024-09-14,505,35,in_person
1665,2024-09-14,300,35,in_person
1666,2024-09-14,422,35,in_person
1667,2024-09-14,765,35,in_person
1668,2024-09-14,834,35,in_person
1669,2024-09-14,763,35,in_person
1670,2024-09-14,137,35,in_person
1671,2024-09-14,805,35,in_person
1672,2024-09-14,388,35,in_person
1673,2024-09-14,193,35,in_person
1674,2024-09-14,209,35,in_person
1675,2024-09-14,291,35,in_person
1676,2024-09-14,485,35,in_person
1677,2024-09-14,705,35,in_person
1678,2024-09-14,522,35,in_person
1679,2024-09-14,883,35,in_person
1680,2024-09-14,248,35,in_person
1681,2024-09-14,582,35,in_person
1682,2024-09-14,112,35,in_person
1683,2024-09-14,686,35,in_person
1684,2024-09-14,234,35,in_person
1685,2024-09-14,106,35,in_person
1686,2024-09-14,106,35,in_person
1687,2024-09-14,380,35,in_person
1688,2024-09-14,419,35,in_person
1689,2024-09-14,912,35,in_person
1690,2024-09-14,946,35,in_person
1691,2024-09-14,811,35,in_person
1692,2024-09-14,674,35,in_person
1693,2024-09-14,103,35,in_person
1694,2024-09-14,1,35,in_person
1695,2024-09-14,772,35,in_person
1696,2024-09-14,177,35,in_person
1697,2024-09-14,33,35,in_person
1698,2024-09-14,376,35,in_person
1699,2024-09-14,854,35,in_person
1700,2024-09-14,235,35,in_person
1701,2024-09-14,849,35,in_person
1702,2024-09-14,385,35,in_person
1703,2024-09-14,923,35,in_person
1704,2024-09-14,574,35,in_person
1705,2024-09-14,819,35,in_person
1706,2024-10-05,552,36,in_person
1707,2024-10-05,848,36,in_person
1708,2024-10-05,144,36,in_person
1709,2024-10-05,868,36,in_person
1710,2024-10-05,799,36,in_person
1711,2024-10-05,884,36,in_person
1712,2024-10-05,664,36,in_person
1713,2024-10-05,737,36,in_person
1714,2024-10-05,689,36,in_person
1715,2024-10-05,771,36,in_person
1716,2024-10-05,833,36,in_person
1717,2024-10-05,295,36,in_person
1718,2024-10-05,322,36,in_person
1719,2024-10-05,479,36,in_person
1720,2024-10-05,678,36,in_person
1721,2024-10-05,652,36,in_person
1722,2024-10-05,282,36,in_person
1723,2024-10-05,524,36,in_person
1724,2024-10-05,51,36,in_person
1725,2024-10-05,748,36,in_person
1726,2024-10-05,55,36,in_person
1727,2024-10-05,877,36,in_person
1728,2024-10-05,129,36,in_person
1729,2024-10-05,951,36,in_person
1730,2024-10-05,128,36,in_person
1731,2024-10-05,736,36,in_person
1732,2024-10-05,145,36,in_person
1733,2024-10-05,22,36,in_person
1734,2024-10-05,134,36,in_person
1735,2024-10-05,220,36,in_person
1736,2024-10-05,85,36,in_person
1737,2024-10-05,969,36,in_person
1738,2024-10-05,349,36,in_person
1739,2024-10-05,387,36,in_person
1740,2024-10-05,526,36,in_person
1741,2024-10-05,715,36,in_person
1742,2024-10-05,690,36,in_person
1743,2024-10-05,214,36,in_person
1744,2024-10-05,615,36,in_person
1745,2024-10-05,647,36,in_person
1746,2024-10-05,904,36,in_person
1747,2024-10-05,980,36,in_person
1748,2024-11-23,985,37,in_person
1749,2024-11-23,984,37,in_person
1750,2024-11-23,214,37,in_person
1751,2024-11-23,720,37,in_person
1752,2024-11-23,402,37,in_person
1753,2024-11-23,908,37,in_person
1754,2024-11-23,828,37,in_person
1755,2024-11-23,112,37,in_person
1756,2024-11-23,775,37,in_person
1757,2024-11-23,262,37,in_person
1758,2024-11-23,439,37,in_person
1759,2024-11-23,532,37,in_person
1760,2024-11-23,896,37,in_person
1761,2024-11-23,963,37,in_person
1762,2024-11-23,54,37,in_person
1763,2024-11-23,298,37,in_person
1764,2024-11-23,459,37,in_person
1765,2024-11-23,240,37,in_person
1766,2024-11-23,711,37,in_person
1767,2024-11-23,579,37,in_person
1768,2024-11-23,262,37,in_person
1769,2024-11-23,891,37,in_person
1770,2024-11-23,303,37,in_person
1771,2024-11-23,653,37,in_person
1772,2024-11-23,302,37,in_person
1773,2024-11-23,418,37,in_person
1774,2024-11-23,783,37,in_person
1775,2024-11-23,179,37,in_person
1776,2024-11-23,679,37,in_person
1777,2024-11-23,857,37,in_person
1778,2024-11-23,416,37,in_person
1779,2024-11-23,392,37,in_person
1780,2024-11-23,829,37,in_person
1781,2024-11-23,785,37,in_person
1782,2024-11-23,946,37,in_person
1783,2024-11-23,602,37,in_person
1784,2024-11-23,490,37,in_person
1785,2024-11-23,65,37,in_person
1786,2024-11-23,385,37,in_person
1787,2024-11-23,56,37,in_person
1788,2024-11-23,52,37,in_person
1789,2024-11-23,289,37,in_person
1790,2024-11-23,907,37,in_person
1791,2024-11-23,688,37,in_person
1792,2024-11-23,569,37,in_person
1793,2024-11-23,165,37,in_person
1794,2024-11-23,691,37,in_person
1795,2024-11-23,978,37,in_person
1796,2024-11-23,618,37,in_person
1797,2024-11-23,769,37,in_person
1798,2024-11-23,136,37,in_person
1799,2024-11-23,913,37,in_person
1800,2024-11-23,49,37,in_person
1801,2024-11-23,45,37,in_person
1802,2024-11-23,927,37,in_person
1803,2024-11-23,655,37,in_person
1804,2024-11-23,105,37,in_person
1805,2024-11-23,804,37,in_person
1806,2024-11-23,898,37,in_person
1807,2024-11-23,419,37,in_person
1808,2024-11-23,983,37,in_person
1809,2024-11-23,413,37,in_person
1810,2024-11-23,185,37,in_person
1811,2024-11-23,164,37,in_person
1812,2024-11-23,375,37,in_person
1813,2024-11-23,960,37,in_person
1814,2024-11-23,154,37,in_person
1815,2024-11-23,408,37,in_person
1816,2024-11-23,914,37,in_person
1817,2024-11-23,904,37,in_person
1818,2024-11-23,559,37,in_person
1819,2024-11-23,241,37,in_person
1820,2024-11-23,507,37,in_person
1821,2024-11-23,858,37,in_person
1822,2024-11-23,378,37,in_person
1823,2024-11-23,680,37,in_person
1824,2024-11-23,181,37,in_person
1825,2024-11-23,472,37,in_person
1826,2024-11-23,650,37,in_person
1827,2024-11-23,697,37,in_person
1828,2024-11-23,228,37,in_person
1829,2024-11-23,105,37,in_person
1830,2024-11-23,574,37,in_person
1831,2024-11-23,973,37,in_person
1832,2024-11-23,899,37,in_person
1833,2024-11-23,169,37,in_person
1834,2024-11-23,596,37,in_person
1835,2024-11-23,859,37,in_person
1836,2024-11-23,334,37,in_person
1837,2024-11-23,208,37,in_person
1838,2024-11-23,635,37,in_person
1839,2024-11-23,714,37,in_person
1840,2024-11-23,575,37,in_person
1841,2024-11-23,776,37,in_person
1842,2024-11-23,412,37,in_person
1843,2024-11-23,571,37,in_person
1844,2024-11-23,142,37,in_person
1845,2024-11-23,751,37,in_person
1846,2024-11-23,312,37,in_person
1847,2024-11-23,382,37,in_person
1848,2024-11-23,819,37,in_person
1849,2024-11-23,6,37,in_person
1850,2024-11-23,649,37,in_person
1851,2024-11-23,538,37,in_person
1852,2024-11-23,960,37,in_person
1853,2024-11-23,808,37,in_person
1854,2024-11-23,154,37,in_person
1855,2024-11-23,215,37,in_person
1856,2024-11-23,900,37,in_person
1857,2024-11-23,567,37,in_person
1858,2024-11-23,682,37,in_person
1859,2024-11-23,576,37,in_person
1860,2024-11-23,146,37,in_person
1861,2024-11-23,402,37,in_person
1862,2024-11-23,984,37,in_person
1863,2024-11-23,469,37,in_person
1864,2024-11-23,334,37,in_person
1865,2024-11-23,932,37,in_person
1866,2024-11-23,656,37,in_person
1867,2024-11-23,243,37,in_person
1868,2024-11-23,755,37,in_person
1869,2024-11-23,585,37,in_person
1870,2024-11-23,626,37,in_person
1871,2024-11-23,179,37,in_person
1872,2024-11-23,253,37,in_person
1873,2024-11-23,142,37,in_person
1874,2024-11-23,138,37,in_person
1875,2024-11-23,272,37,in_person
1876,2024-12-14,758,38,in_person
1877,2024-12-14,818,38,in_person
1878,2024-12-14,356,38,in_person
1879,2024-12-14,311,38,in_person
1880,2024-12-14,524,38,in_person
1881,2024-12-14,934,38,in_person
1882,2024-12-14,85,38,in_person
1883,2024-12-14,624,38,in_person
1884,2024-12-14,143,38,in_person
1885,2024-12-14,119,38,in_person
1886,2024-12-14,936,38,in_person
1887,2024-12-14,33,38,in_person
1888,2024-12-14,955,38,in_person
1889,2024-12-14,38,38,in_person
1890,2024-12-14,346,38,in_person
1891,2024-12-14,467,38,in_person
1892,2024-12-14,181,38,in_person
1893,2024-12-14,700,38,in_person
1894,2024-12-14,881,38,in_person
1895,2024-12-14,154,38,in_person
1896,2024-12-14,991,38,in_person
1897,2024-12-14,830,38,in_person
1898,2024-12-14,598,38,in_person
1899,2024-12-14,196,38,in_person
1900,2024-12-14,553,38,in_person
1901,2024-12-14,218,38,in_person
1902,2024-12-14,571,38,in_person
1903,2024-12-14,442,38,in_person
1904,2024-12-14,234,38,in_person
1905,2024-12-14,351,38,in_person
1906,2024-12-14,848,38,in_person
1907,2024-12-14,980,38,in_person
1908,2024-12-14,454,38,in_person
1909,2024-12-14,258,38,in_person
1910,2024-12-14,61,38,in_person
1911,2024-12-14,568,38,in_person
1912,2024-12-14,782,38,in_person
1913,2024-12-14,475,38,in_person
1914,2024-12-14,464,38,in_person
1915,2024-12-14,235,38,in_person
1916,2024-12-14,370,38,in_person
1917,2024-12-14,693,38,in_person
1918,2024-12-14,611,38,in_person
1919,2024-12-14,575,38,in_person
1920,2024-12-14,823,38,in_person
1921,2024-12-14,538,38,in_person
1922,2024-12-14,20,38,in_person
1923,2024-12-14,425,38,in_person
1924,2024-12-14,642,38,in_person
1925,2024-12-14,128,38,in_person
1926,2024-12-14,68,38,in_person
1927,2024-12-14,626,38,in_person
1928,2024-12-14,803,38,in_person
1929,2024-12-14,702,38,in_person
1930,2024-12-14,570,38,in_person
1931,2024-12-14,976,38,in_person
1932,2024-12-14,255,38,in_person
1933,2024-12-14,448,38,in_person
1934,2024-12-14,597,38,in_person
1935,2024-12-14,170,38,in_person
1936,2024-12-14,677,38,in_person
1937,2024-12-14,241,38,in_person
1938,2024-12-14,923,38,in_person
1939,2024-12-14,986,38,in_person
1940,2024-12-14,951,38,in_person
1941,2024-12-14,548,38,in_person
1942,2024-12-14,970,38,in_person
1943,2024-12-14,832,38,in_person
1944,2024-12-14,486,38,in_person
1945,2024-12-14,863,38,in_person
1946,2024-12-14,610,38,in_person
1947,2024-12-14,957,38,in_person
1948,2024-12-14,811,38,in_person
1949,2024-12-14,475,38,in_person
1950,2024-12-14,274,38,in_person
1951,2024-12-14,121,38,in_person
1952,2024-12-14,116,38,in_person
1953,2024-12-14,658,38,in_person
1954,2024-12-14,342,38,in_person
1955,2024-12-14,47,38,in_person
1956,2024-12-14,67,38,in_person
1957,2024-12-14,105,38,in_person
1958,2024-12-14,594,38,in_person
1959,2024-12-14,991,38,in_person
1960,2024-12-14,629,38,in_person
1961,2024-12-14,405,38,in_person
1962,2024-12-14,854,38,in_person
1963,2024-12-14,850,38,in_person
1964,2024-12-14,367,38,in_person
1965,2024-12-14,239,38,in_person
1966,2024-12-14,350,38,in_person
1967,2024-12-14,329,38,in_person
1968,2024-12-14,929,38,in_person
1969,2024-12-14,427,38,in_person
1970,2024-12-14,496,38,in_person
1971,2024-12-14,100,38,in_person
1972,2024-12-14,530,38,in_person
1973,2024-12-14,714,38,in_person
1974,2024-12-14,336,38,in_person
1975,2024-12-14,823,38,in_person
1976,2024-12-14,866,38,in_person
1977,2024-12-14,360,38,in_person
1978,2024-12-14,700,38,in_person
1979,2024-12-14,255,38,in_person
1980,2024-12-14,103,38,in_person
1981,2024-12-14,26,38,in_person
1982,2024-12-14,184,38,in_person
1983,2024-12-14,699,38,in_person
1984,2024-12-14,502,38,in_person
1985,2024-12-14,197,38,in_person
1986,2024-12-14,265,38,in_person
1987,2024-12-14,718,38,in_person
1988,2024-12-14,343,38,in_person
1989,2024-12-14,122,38,in_person
1990,2024-12-14,439,38,in_person
1991,2024-12-14,95,38,in_person
1992,2024-12-14,547,38,in_person
1993,2024-12-14,603,38,in_person
1994,2024-12-14,178,38,in_person
1995,2024-12-14,457,38,in_person
1996,2024-12-14,874,38,in_person
1997,2024-12-14,151,38,in_person
1998,2024-12-14,351,38,in_person
1999,2024-12-14,748,38,in_person
